transaction,name,length,causal,baseline_latency,stage3_latency,delta_cycles
0,single-key-first,1,0,791,728,-63
1,two-key-ones-v,2,0,792,729,-63
2,two-key-basis-v,2,0,780,717,-63
3,two-key-basis-v-last-feature,2,0,780,717,-63
4,primary-noncausal,7,0,2416,2094,-322
5,primary-causal,7,1,2024,1772,-252
6,full-tile-noncausal,16,0,8007,6740,-1267
7,full-tile-causal,16,1,5643,4803,-840
8,boundary-noncausal,3,0,832,748,-84
9,boundary-causal,3,1,827,743,-84
10,boundary-noncausal,4,0,860,762,-98
11,boundary-causal,4,1,855,757,-98
12,boundary-noncausal,5,0,2358,2050,-308
13,boundary-causal,5,1,1954,1723,-231
14,boundary-noncausal,8,0,2456,2113,-343
15,boundary-causal,8,1,2059,1786,-273
16,boundary-noncausal,9,0,4738,4038,-700
17,boundary-causal,9,1,3550,3067,-483
18,rescale-second-tile,9,0,4733,4033,-700
19,rescale-second-tile-causal,9,1,3550,3067,-483
20,zero-qk-ones-v,9,0,4733,4033,-700
21,zero-qk-ones-v-causal,9,1,3550,3067,-483
22,pwl-boundary-noncausal,25,0,22147,18423,-3724
23,pwl-boundary-causal,25,1,13868,11677,-2191
24,invalid-length-zero,0,0,55,55,0
25,invalid-length-over-max,4097,0,50,50,0
