transaction,name,length,causal,latency_cycles,interval_cycles
0,single-key-first,1,0,987,977
1,two-key-ones-v,2,0,988,978
2,two-key-basis-v,2,0,976,966
3,two-key-basis-v-last-feature,2,0,976,966
4,primary-noncausal,7,0,2703,2693
5,primary-causal,7,1,2332,2322
6,full-tile-noncausal,16,0,8336,8326
7,full-tile-causal,16,1,6119,6109
8,boundary-noncausal,3,0,1007,997
9,boundary-causal,3,1,1002,992
10,boundary-noncausal,4,0,1021,1011
11,boundary-causal,4,1,1016,1006
12,boundary-noncausal,5,0,2659,2649
13,boundary-causal,5,1,2283,2273
14,boundary-noncausal,8,0,2722,2712
15,boundary-causal,8,1,2353,2343
16,boundary-noncausal,9,0,5095,5085
17,boundary-causal,9,1,3984,3974
18,rescale-second-tile,9,0,5090,5080
19,rescale-second-tile-causal,9,1,3984,3974
20,zero-qk-ones-v,9,0,5090,5080
21,zero-qk-ones-v-causal,9,1,3984,3974
22,pwl-boundary-noncausal,25,0,22203,22193
23,pwl-boundary-causal,25,1,14470,14460
24,invalid-length-zero,0,0,55,45
25,invalid-length-over-max,4097,0,50,x
