grp_run_fu_161.grp_runController_fu_106.grp_runQueryTile_fu_142,entry_proc_U0,stalling1.csv,status1.csv
grp_run_fu_161.grp_runController_fu_106.grp_runQueryTile_fu_142,distributeQueryTile_U0,stalling2.csv,status2.csv
grp_run_fu_161.grp_runController_fu_106.grp_runQueryTile_fu_142,runQueryBlock_0_U0,stalling3.csv,status3.csv
grp_run_fu_161.grp_runController_fu_106.grp_runQueryTile_fu_142,runQueryBlock_1_U0,stalling4.csv,status4.csv
grp_run_fu_161.grp_runController_fu_106.grp_runQueryTile_fu_142,gatherQueryTile_U0,stalling5.csv,status5.csv
,AESL_inst_fsa_stream_split_d,,module_status1.csv
,grp_run_fu_161,,module_status2.csv
grp_run_fu_161,grp_runController_fu_106,,module_status3.csv
grp_run_fu_161.grp_runController_fu_106,grp_runQueryTile_fu_142,,module_status4.csv
grp_run_fu_161.grp_runController_fu_106.grp_runQueryTile_fu_142.distributeQueryTile_U0,grp_distributeQueryTile_Pipeline_VITIS_LOOP_484_1_VITIS_LOOP_485_2_fu_208,,module_status5.csv
grp_run_fu_161.grp_runController_fu_106.grp_runQueryTile_fu_142.distributeQueryTile_U0,grp_distributeQueryTile_Pipeline_VITIS_LOOP_496_3_VITIS_LOOP_501_4_VITIS_LOOP_502_5_fu_220,,module_status6.csv
grp_run_fu_161.grp_runController_fu_106.grp_runQueryTile_fu_142.runQueryBlock_0_U0,grp_runQueryBlock_0_Pipeline_1_fu_128,,module_status7.csv
grp_run_fu_161.grp_runController_fu_106.grp_runQueryTile_fu_142.runQueryBlock_0_U0,grp_runQueryBlock_0_Pipeline_3_fu_140,,module_status8.csv
grp_run_fu_161.grp_runController_fu_106.grp_runQueryTile_fu_142.runQueryBlock_0_U0,grp_runQueryBlock_0_Pipeline_16_fu_148,,module_status9.csv
grp_run_fu_161.grp_runController_fu_106.grp_runQueryTile_fu_142.runQueryBlock_0_U0,grp_runQueryBlock_0_Pipeline_VITIS_LOOP_88_1_VITIS_LOOP_89_2_fu_156,,module_status10.csv
grp_run_fu_161.grp_runController_fu_106.grp_runQueryTile_fu_142.runQueryBlock_0_U0,grp_runQueryBlock_0_Outline_VITIS_LOOP_115_5_fu_166,,module_status11.csv
grp_run_fu_161.grp_runController_fu_106.grp_runQueryTile_fu_142.runQueryBlock_0_U0.grp_runQueryBlock_0_Outline_VITIS_LOOP_115_5_fu_166,grp_runQueryBlock_0_Pipeline_5_fu_478,,module_status12.csv
grp_run_fu_161.grp_runController_fu_106.grp_runQueryTile_fu_142.runQueryBlock_0_U0.grp_runQueryBlock_0_Outline_VITIS_LOOP_115_5_fu_166,grp_runQueryBlock_0_Pipeline_6_fu_490,,module_status13.csv
grp_run_fu_161.grp_runController_fu_106.grp_runQueryTile_fu_142.runQueryBlock_0_U0.grp_runQueryBlock_0_Outline_VITIS_LOOP_115_5_fu_166,grp_runQueryBlock_0_Pipeline_7_fu_502,,module_status14.csv
grp_run_fu_161.grp_runController_fu_106.grp_runQueryTile_fu_142.runQueryBlock_0_U0.grp_runQueryBlock_0_Outline_VITIS_LOOP_115_5_fu_166,grp_runQueryBlock_0_Pipeline_VITIS_LOOP_139_6_VITIS_LOOP_140_7_fu_506,,module_status15.csv
grp_run_fu_161.grp_runController_fu_106.grp_runQueryTile_fu_142.runQueryBlock_0_U0.grp_runQueryBlock_0_Outline_VITIS_LOOP_115_5_fu_166,grp_runQueryBlock_0_Pipeline_VITIS_LOOP_109_1_VITIS_LOOP_110_2_fu_528,,module_status16.csv
grp_run_fu_161.grp_runController_fu_106.grp_runQueryTile_fu_142.runQueryBlock_0_U0.grp_runQueryBlock_0_Outline_VITIS_LOOP_115_5_fu_166,grp_runQueryBlock_0_Pipeline_VITIS_LOOP_185_12_fu_563,,module_status17.csv
grp_run_fu_161.grp_runController_fu_106.grp_runQueryTile_fu_142.runQueryBlock_0_U0.grp_runQueryBlock_0_Outline_VITIS_LOOP_115_5_fu_166,grp_runQueryBlock_0_Pipeline_VITIS_LOOP_185_122_fu_577,,module_status18.csv
grp_run_fu_161.grp_runController_fu_106.grp_runQueryTile_fu_142.runQueryBlock_0_U0.grp_runQueryBlock_0_Outline_VITIS_LOOP_115_5_fu_166,grp_runQueryBlock_0_Pipeline_VITIS_LOOP_237_15_fu_591,,module_status19.csv
grp_run_fu_161.grp_runController_fu_106.grp_runQueryTile_fu_142.runQueryBlock_0_U0.grp_runQueryBlock_0_Outline_VITIS_LOOP_115_5_fu_166.grp_runQueryBlock_0_Pipeline_VITIS_LOOP_237_15_fu_591,grp_cvtAtoE_fu_326,,module_status20.csv
grp_run_fu_161.grp_runController_fu_106.grp_runQueryTile_fu_142.runQueryBlock_0_U0.grp_runQueryBlock_0_Outline_VITIS_LOOP_115_5_fu_166.grp_runQueryBlock_0_Pipeline_VITIS_LOOP_237_15_fu_591,grp_cvtAtoE_fu_332,,module_status21.csv
grp_run_fu_161.grp_runController_fu_106.grp_runQueryTile_fu_142.runQueryBlock_0_U0.grp_runQueryBlock_0_Outline_VITIS_LOOP_115_5_fu_166,grp_runPeArray_fu_642,,module_status22.csv
grp_run_fu_161.grp_runController_fu_106.grp_runQueryTile_fu_142.runQueryBlock_0_U0.grp_runQueryBlock_0_Outline_VITIS_LOOP_115_5_fu_166,grp_runQueryBlock_0_Pipeline_VITIS_LOOP_295_25_fu_696,,module_status23.csv
grp_run_fu_161.grp_runController_fu_106.grp_runQueryTile_fu_142.runQueryBlock_0_U0.grp_runQueryBlock_0_Outline_VITIS_LOOP_115_5_fu_166,grp_runQueryBlock_0_Pipeline_VITIS_LOOP_162_1_fu_752,,module_status24.csv
grp_run_fu_161.grp_runController_fu_106.grp_runQueryTile_fu_142.runQueryBlock_0_U0.grp_runQueryBlock_0_Outline_VITIS_LOOP_115_5_fu_166,grp_runQueryBlock_0_Pipeline_VITIS_LOOP_364_33_fu_766,,module_status25.csv
grp_run_fu_161.grp_runController_fu_106.grp_runQueryTile_fu_142.runQueryBlock_0_U0,grp_reciprocalColumns_fu_195,,module_status26.csv
grp_run_fu_161.grp_runController_fu_106.grp_runQueryTile_fu_142.runQueryBlock_0_U0.grp_reciprocalColumns_fu_195,grp_p_anonymous_namespace_begin_reciprocal_fu_97,,module_status27.csv
grp_run_fu_161.grp_runController_fu_106.grp_runQueryTile_fu_142.runQueryBlock_0_U0.grp_reciprocalColumns_fu_195,grp_reciprocalColumns_Pipeline_VITIS_LOOP_369_1_fu_102,,module_status28.csv
grp_run_fu_161.grp_runController_fu_106.grp_runQueryTile_fu_142.runQueryBlock_0_U0.grp_reciprocalColumns_fu_195,grp_p_anonymous_namespace_normalize_and_round_fu_115,,module_status29.csv
grp_run_fu_161.grp_runController_fu_106.grp_runQueryTile_fu_142.runQueryBlock_0_U0.grp_reciprocalColumns_fu_195,grp_reciprocalColumns_Pipeline_VITIS_LOOP_369_13_fu_125,,module_status30.csv
grp_run_fu_161.grp_runController_fu_106.grp_runQueryTile_fu_142.runQueryBlock_0_U0,grp_runQueryBlock_0_Pipeline_VITIS_LOOP_446_40_fu_201,,module_status31.csv
grp_run_fu_161.grp_runController_fu_106.grp_runQueryTile_fu_142.runQueryBlock_0_U0,grp_runQueryBlock_0_Pipeline_VITIS_LOOP_469_43_VITIS_LOOP_470_44_fu_215,,module_status32.csv
grp_run_fu_161.grp_runController_fu_106.grp_runQueryTile_fu_142.runQueryBlock_0_U0,grp_runAccumulatorColumns_fu_520,,module_status33.csv
grp_run_fu_161.grp_runController_fu_106.grp_runQueryTile_fu_142.runQueryBlock_0_U0.grp_runAccumulatorColumns_fu_520,tmp_s_p_anonymous_namespace_ldexpByBits_fu_862,,module_status34.csv
grp_run_fu_161.grp_runController_fu_106.grp_runQueryTile_fu_142.runQueryBlock_0_U0.grp_runAccumulatorColumns_fu_520,tmp_30_p_anonymous_namespace_ldexpByBits_fu_870,,module_status35.csv
grp_run_fu_161.grp_runController_fu_106.grp_runQueryTile_fu_142.runQueryBlock_0_U0.grp_runAccumulatorColumns_fu_520,grp_stageAccumulatorResult_fu_878,,module_status36.csv
grp_run_fu_161.grp_runController_fu_106.grp_runQueryTile_fu_142.runQueryBlock_1_U0,grp_runQueryBlock_1_Pipeline_1_fu_132,,module_status37.csv
grp_run_fu_161.grp_runController_fu_106.grp_runQueryTile_fu_142.runQueryBlock_1_U0,grp_runQueryBlock_1_Pipeline_3_fu_144,,module_status38.csv
grp_run_fu_161.grp_runController_fu_106.grp_runQueryTile_fu_142.runQueryBlock_1_U0,grp_runQueryBlock_1_Pipeline_16_fu_152,,module_status39.csv
grp_run_fu_161.grp_runController_fu_106.grp_runQueryTile_fu_142.runQueryBlock_1_U0,grp_runQueryBlock_1_Pipeline_VITIS_LOOP_88_1_VITIS_LOOP_89_2_fu_160,,module_status40.csv
grp_run_fu_161.grp_runController_fu_106.grp_runQueryTile_fu_142.runQueryBlock_1_U0,grp_runQueryBlock_1_Outline_VITIS_LOOP_115_5_fu_170,,module_status41.csv
grp_run_fu_161.grp_runController_fu_106.grp_runQueryTile_fu_142.runQueryBlock_1_U0.grp_runQueryBlock_1_Outline_VITIS_LOOP_115_5_fu_170,grp_runQueryBlock_1_Pipeline_5_fu_478,,module_status42.csv
grp_run_fu_161.grp_runController_fu_106.grp_runQueryTile_fu_142.runQueryBlock_1_U0.grp_runQueryBlock_1_Outline_VITIS_LOOP_115_5_fu_170,grp_runQueryBlock_1_Pipeline_6_fu_490,,module_status43.csv
grp_run_fu_161.grp_runController_fu_106.grp_runQueryTile_fu_142.runQueryBlock_1_U0.grp_runQueryBlock_1_Outline_VITIS_LOOP_115_5_fu_170,grp_runQueryBlock_1_Pipeline_7_fu_502,,module_status44.csv
grp_run_fu_161.grp_runController_fu_106.grp_runQueryTile_fu_142.runQueryBlock_1_U0.grp_runQueryBlock_1_Outline_VITIS_LOOP_115_5_fu_170,grp_runQueryBlock_1_Pipeline_VITIS_LOOP_139_6_VITIS_LOOP_140_7_fu_506,,module_status45.csv
grp_run_fu_161.grp_runController_fu_106.grp_runQueryTile_fu_142.runQueryBlock_1_U0.grp_runQueryBlock_1_Outline_VITIS_LOOP_115_5_fu_170,grp_runQueryBlock_1_Pipeline_VITIS_LOOP_109_1_VITIS_LOOP_110_2_fu_528,,module_status46.csv
grp_run_fu_161.grp_runController_fu_106.grp_runQueryTile_fu_142.runQueryBlock_1_U0.grp_runQueryBlock_1_Outline_VITIS_LOOP_115_5_fu_170,grp_runQueryBlock_1_Pipeline_VITIS_LOOP_185_12_fu_563,,module_status47.csv
grp_run_fu_161.grp_runController_fu_106.grp_runQueryTile_fu_142.runQueryBlock_1_U0.grp_runQueryBlock_1_Outline_VITIS_LOOP_115_5_fu_170,grp_runQueryBlock_1_Pipeline_VITIS_LOOP_185_121_fu_577,,module_status48.csv
grp_run_fu_161.grp_runController_fu_106.grp_runQueryTile_fu_142.runQueryBlock_1_U0.grp_runQueryBlock_1_Outline_VITIS_LOOP_115_5_fu_170,grp_runQueryBlock_1_Pipeline_VITIS_LOOP_237_15_fu_591,,module_status49.csv
grp_run_fu_161.grp_runController_fu_106.grp_runQueryTile_fu_142.runQueryBlock_1_U0.grp_runQueryBlock_1_Outline_VITIS_LOOP_115_5_fu_170.grp_runQueryBlock_1_Pipeline_VITIS_LOOP_237_15_fu_591,grp_cvtAtoE_fu_326,,module_status50.csv
grp_run_fu_161.grp_runController_fu_106.grp_runQueryTile_fu_142.runQueryBlock_1_U0.grp_runQueryBlock_1_Outline_VITIS_LOOP_115_5_fu_170.grp_runQueryBlock_1_Pipeline_VITIS_LOOP_237_15_fu_591,grp_cvtAtoE_fu_332,,module_status51.csv
grp_run_fu_161.grp_runController_fu_106.grp_runQueryTile_fu_142.runQueryBlock_1_U0.grp_runQueryBlock_1_Outline_VITIS_LOOP_115_5_fu_170,grp_runPeArray_fu_642,,module_status52.csv
grp_run_fu_161.grp_runController_fu_106.grp_runQueryTile_fu_142.runQueryBlock_1_U0.grp_runQueryBlock_1_Outline_VITIS_LOOP_115_5_fu_170,grp_runQueryBlock_1_Pipeline_VITIS_LOOP_295_25_fu_696,,module_status53.csv
grp_run_fu_161.grp_runController_fu_106.grp_runQueryTile_fu_142.runQueryBlock_1_U0.grp_runQueryBlock_1_Outline_VITIS_LOOP_115_5_fu_170,grp_runQueryBlock_1_Pipeline_VITIS_LOOP_162_1_fu_752,,module_status54.csv
grp_run_fu_161.grp_runController_fu_106.grp_runQueryTile_fu_142.runQueryBlock_1_U0.grp_runQueryBlock_1_Outline_VITIS_LOOP_115_5_fu_170,grp_runQueryBlock_1_Pipeline_VITIS_LOOP_364_33_fu_766,,module_status55.csv
grp_run_fu_161.grp_runController_fu_106.grp_runQueryTile_fu_142.runQueryBlock_1_U0,grp_reciprocalColumns_fu_199,,module_status56.csv
grp_run_fu_161.grp_runController_fu_106.grp_runQueryTile_fu_142.runQueryBlock_1_U0.grp_reciprocalColumns_fu_199,grp_p_anonymous_namespace_begin_reciprocal_fu_97,,module_status57.csv
grp_run_fu_161.grp_runController_fu_106.grp_runQueryTile_fu_142.runQueryBlock_1_U0.grp_reciprocalColumns_fu_199,grp_reciprocalColumns_Pipeline_VITIS_LOOP_369_1_fu_102,,module_status58.csv
grp_run_fu_161.grp_runController_fu_106.grp_runQueryTile_fu_142.runQueryBlock_1_U0.grp_reciprocalColumns_fu_199,grp_p_anonymous_namespace_normalize_and_round_fu_115,,module_status59.csv
grp_run_fu_161.grp_runController_fu_106.grp_runQueryTile_fu_142.runQueryBlock_1_U0.grp_reciprocalColumns_fu_199,grp_reciprocalColumns_Pipeline_VITIS_LOOP_369_13_fu_125,,module_status60.csv
grp_run_fu_161.grp_runController_fu_106.grp_runQueryTile_fu_142.runQueryBlock_1_U0,grp_runQueryBlock_1_Pipeline_VITIS_LOOP_446_40_fu_205,,module_status61.csv
grp_run_fu_161.grp_runController_fu_106.grp_runQueryTile_fu_142.runQueryBlock_1_U0,grp_runQueryBlock_1_Pipeline_VITIS_LOOP_469_43_VITIS_LOOP_470_44_fu_219,,module_status62.csv
grp_run_fu_161.grp_runController_fu_106.grp_runQueryTile_fu_142.runQueryBlock_1_U0,grp_runAccumulatorColumns_fu_559,,module_status63.csv
grp_run_fu_161.grp_runController_fu_106.grp_runQueryTile_fu_142.runQueryBlock_1_U0.grp_runAccumulatorColumns_fu_559,tmp_s_p_anonymous_namespace_ldexpByBits_fu_862,,module_status64.csv
grp_run_fu_161.grp_runController_fu_106.grp_runQueryTile_fu_142.runQueryBlock_1_U0.grp_runAccumulatorColumns_fu_559,tmp_30_p_anonymous_namespace_ldexpByBits_fu_870,,module_status65.csv
grp_run_fu_161.grp_runController_fu_106.grp_runQueryTile_fu_142.runQueryBlock_1_U0.grp_runAccumulatorColumns_fu_559,grp_stageAccumulatorResult_fu_878,,module_status66.csv
grp_run_fu_161.grp_runController_fu_106.grp_runQueryTile_fu_142.gatherQueryTile_U0,grp_gatherQueryTile_Pipeline_1_fu_94,,module_status67.csv
grp_run_fu_161.grp_runController_fu_106.grp_runQueryTile_fu_142.gatherQueryTile_U0,grp_gatherQueryTile_Pipeline_VITIS_LOOP_521_1_VITIS_LOOP_522_2_fu_106,,module_status68.csv
grp_run_fu_161.grp_runController_fu_106.grp_runQueryTile_fu_142.gatherQueryTile_U0,grp_storeOutputTile_fu_118,,module_status69.csv
grp_run_fu_161.grp_runController_fu_106.grp_runQueryTile_fu_142.gatherQueryTile_U0.grp_storeOutputTile_fu_118,grp_storeOutputTile_Pipeline_VITIS_LOOP_76_1_fu_89,,module_status70.csv
